call_id,timestamp,response_time_ms,success,response_snippet
1,2026-02-12T02:34:00.051630,10.32,True,Success: 
2,2026-02-12T02:34:00.152338,10.52,True,Success: 
3,2026-02-12T02:34:00.252546,10.49,True,Success: 
4,2026-02-12T02:34:00.353067,10.53,True,Success: 
5,2026-02-12T02:34:00.453333,10.51,True,Success: 
6,2026-02-12T02:34:00.553390,10.5,True,Success: 
7,2026-02-12T02:34:00.653887,10.5,True,Success: 
8,2026-02-12T02:34:00.754412,10.49,True,Success: 
9,2026-02-12T02:34:00.854539,10.51,True,Success: 
10,2026-02-12T02:34:00.954616,10.51,True,Success: 
11,2026-02-12T02:34:01.054569,10.18,True,Success: 
12,2026-02-12T02:34:01.155204,10.51,True,Success: 
13,2026-02-12T02:34:01.255618,10.5,True,Success: 
14,2026-02-12T02:34:01.355932,10.51,True,Success: 
15,2026-02-12T02:34:01.456046,10.52,True,Success: 
16,2026-02-12T02:34:01.556325,10.43,True,Success: 
17,2026-02-12T02:34:01.656554,10.51,True,Success: 
18,2026-02-12T02:34:01.756855,10.5,True,Success: 
19,2026-02-12T02:34:01.857102,10.5,True,Success: 
20,2026-02-12T02:34:01.956933,10.25,True,Success: 
21,2026-02-12T02:34:02.057115,10.29,True,Success: 
22,2026-02-12T02:34:02.157827,10.51,True,Success: 
23,2026-02-12T02:34:02.258027,10.51,True,Success: 
24,2026-02-12T02:34:02.358366,10.52,True,Success: 
25,2026-02-12T02:34:02.458870,10.5,True,Success: 
26,2026-02-12T02:34:02.559398,10.5,True,Success: 
27,2026-02-12T02:34:02.659920,10.51,True,Success: 
28,2026-02-12T02:34:02.760319,10.5,True,Success: 
29,2026-02-12T02:34:02.860815,10.5,True,Success: 
30,2026-02-12T02:34:02.961329,10.52,True,Success: 
31,2026-02-12T02:34:03.061460,10.49,True,Success: 
32,2026-02-12T02:34:03.161564,10.51,True,Success: 
33,2026-02-12T02:34:03.262078,10.5,True,Success: 
34,2026-02-12T02:34:03.362602,10.5,True,Success: 
35,2026-02-12T02:34:03.462906,10.5,True,Success: 
36,2026-02-12T02:34:03.563421,10.5,True,Success: 
37,2026-02-12T02:34:03.663627,10.17,True,Success: 
38,2026-02-12T02:34:03.764411,10.51,True,Success: 
39,2026-02-12T02:34:03.864873,10.5,True,Success: 
40,2026-02-12T02:34:03.965129,10.5,True,Success: 
41,2026-02-12T02:34:04.065634,10.51,True,Success: 
42,2026-02-12T02:34:04.165805,10.51,True,Success: 
43,2026-02-12T02:34:04.265846,10.51,True,Success: 
44,2026-02-12T02:34:04.365891,10.51,True,Success: 
45,2026-02-12T02:34:04.466335,10.52,True,Success: 
46,2026-02-12T02:34:04.566425,10.51,True,Success: 
47,2026-02-12T02:34:04.666859,10.5,True,Success: 
48,2026-02-12T02:34:04.766988,10.49,True,Success: 
49,2026-02-12T02:34:04.867480,10.51,True,Success: 
50,2026-02-12T02:34:04.967992,10.5,True,Success: 
51,2026-02-12T02:34:05.068061,10.51,True,Success: 
52,2026-02-12T02:34:05.168214,10.5,True,Success: 
53,2026-02-12T02:34:05.268730,10.51,True,Success: 
54,2026-02-12T02:34:05.369230,10.5,True,Success: 
55,2026-02-12T02:34:05.469776,10.51,True,Success: 
56,2026-02-12T02:34:05.570308,10.53,True,Success: 
57,2026-02-12T02:34:05.670799,10.5,True,Success: 
58,2026-02-12T02:34:05.771298,10.5,True,Success: 
59,2026-02-12T02:34:05.871769,10.53,True,Success: 
60,2026-02-12T02:34:05.972247,10.5,True,Success: 
61,2026-02-12T02:34:06.072766,10.52,True,Success: 
62,2026-02-12T02:34:06.173247,10.51,True,Success: 
63,2026-02-12T02:34:06.273752,10.51,True,Success: 
64,2026-02-12T02:34:06.374249,10.49,True,Success: 
65,2026-02-12T02:34:06.474740,10.45,True,Success: 
66,2026-02-12T02:34:06.575255,10.5,True,Success: 
67,2026-02-12T02:34:06.675745,10.5,True,Success: 
68,2026-02-12T02:34:06.776255,10.51,True,Success: 
69,2026-02-12T02:34:06.876759,10.48,True,Success: 
70,2026-02-12T02:34:06.977247,10.51,True,Success: 
71,2026-02-12T02:34:07.077756,10.51,True,Success: 
72,2026-02-12T02:34:07.178231,10.49,True,Success: 
73,2026-02-12T02:34:07.278747,10.5,True,Success: 
74,2026-02-12T02:34:07.379258,10.47,True,Success: 
75,2026-02-12T02:34:07.479763,10.5,True,Success: 
76,2026-02-12T02:34:07.580325,10.58,True,Success: 
77,2026-02-12T02:34:07.680758,10.5,True,Success: 
78,2026-02-12T02:34:07.781252,10.5,True,Success: 
79,2026-02-12T02:34:07.881754,10.5,True,Success: 
80,2026-02-12T02:34:07.982211,10.49,True,Success: 
81,2026-02-12T02:34:08.082727,10.52,True,Success: 
82,2026-02-12T02:34:08.183234,10.52,True,Success: 
83,2026-02-12T02:34:08.283266,10.51,True,Success: 
84,2026-02-12T02:34:08.383757,10.48,True,Success: 
85,2026-02-12T02:34:08.484174,10.5,True,Success: 
86,2026-02-12T02:34:08.584702,10.5,True,Success: 
87,2026-02-12T02:34:08.685211,10.53,True,Success: 
88,2026-02-12T02:34:08.785232,10.5,True,Success: 
89,2026-02-12T02:34:08.885719,10.5,True,Success: 
90,2026-02-12T02:34:08.986246,10.52,True,Success: 
91,2026-02-12T02:34:09.086772,10.51,True,Success: 
92,2026-02-12T02:34:09.187270,10.49,True,Success: 
93,2026-02-12T02:34:09.287658,10.5,True,Success: 
94,2026-02-12T02:34:09.388171,10.49,True,Success: 
95,2026-02-12T02:34:09.488668,10.5,True,Success: 
96,2026-02-12T02:34:09.589180,10.51,True,Success: 
97,2026-02-12T02:34:09.689385,10.51,True,Success: 
98,2026-02-12T02:34:09.789720,10.51,True,Success: 
99,2026-02-12T02:34:09.890242,10.41,True,Success: 
100,2026-02-12T02:34:09.990726,10.5,True,Success: 
101,2026-02-12T02:34:10.091228,10.5,True,Success: 
102,2026-02-12T02:34:10.191719,10.48,True,Success: 
103,2026-02-12T02:34:10.292212,10.49,True,Success: 
104,2026-02-12T02:34:10.392733,10.5,True,Success: 
105,2026-02-12T02:34:10.493227,10.49,True,Success: 
106,2026-02-12T02:34:10.593727,10.47,True,Success: 
107,2026-02-12T02:34:10.694219,10.5,True,Success: 
108,2026-02-12T02:34:10.794727,10.51,True,Success: 
109,2026-02-12T02:34:10.895260,10.53,True,Success: 
110,2026-02-12T02:34:10.995742,10.51,True,Success: 
111,2026-02-12T02:34:11.096221,10.49,True,Success: 
112,2026-02-12T02:34:11.196721,10.5,True,Success: 
113,2026-02-12T02:34:11.297215,10.49,True,Success: 
114,2026-02-12T02:34:11.397721,10.46,True,Success: 
115,2026-02-12T02:34:11.498241,10.5,True,Success: 
116,2026-02-12T02:34:11.598719,10.5,True,Success: 
117,2026-02-12T02:34:11.699253,10.51,True,Success: 
118,2026-02-12T02:34:11.799752,10.51,True,Success: 
119,2026-02-12T02:34:11.900266,10.51,True,Success: 
120,2026-02-12T02:34:12.000769,10.49,True,Success: 
121,2026-02-12T02:34:12.101299,10.52,True,Success: 
122,2026-02-12T02:34:12.201808,10.51,True,Success: 
123,2026-02-12T02:34:12.302290,10.49,True,Success: 
124,2026-02-12T02:34:12.402786,10.5,True,Success: 
125,2026-02-12T02:34:12.503298,10.5,True,Success: 
126,2026-02-12T02:34:12.603796,10.5,True,Success: 
127,2026-02-12T02:34:12.704302,10.49,True,Success: 
128,2026-02-12T02:34:12.804593,10.5,True,Success: 
129,2026-02-12T02:34:12.904822,10.5,True,Success: 
130,2026-02-12T02:34:13.005332,10.51,True,Success: 
131,2026-02-12T02:34:13.105917,10.56,True,Success: 
132,2026-02-12T02:34:13.206341,10.49,True,Success: 
133,2026-02-12T02:34:13.306863,10.5,True,Success: 
134,2026-02-12T02:34:13.407349,10.5,True,Success: 
135,2026-02-12T02:34:13.507846,10.51,True,Success: 
136,2026-02-12T02:34:13.608374,10.47,True,Success: 
137,2026-02-12T02:34:13.708853,10.51,True,Success: 
138,2026-02-12T02:34:13.809342,10.5,True,Success: 
139,2026-02-12T02:34:13.909841,10.5,True,Success: 
140,2026-02-12T02:34:14.010363,10.52,True,Success: 
141,2026-02-12T02:34:14.110873,10.5,True,Success: 
142,2026-02-12T02:34:14.211360,10.48,True,Success: 
143,2026-02-12T02:34:14.311862,10.52,True,Success: 
144,2026-02-12T02:34:14.412338,10.5,True,Success: 
145,2026-02-12T02:34:14.512875,10.49,True,Success: 
146,2026-02-12T02:34:14.613440,10.53,True,Success: 
147,2026-02-12T02:34:14.713942,10.56,True,Success: 
148,2026-02-12T02:34:14.814418,10.55,True,Success: 
149,2026-02-12T02:34:14.914877,10.51,True,Success: 
150,2026-02-12T02:34:15.015366,10.49,True,Success: 
151,2026-02-12T02:34:15.115875,10.5,True,Success: 
152,2026-02-12T02:34:15.216386,10.46,True,Success: 
153,2026-02-12T02:34:15.316863,10.5,True,Success: 
154,2026-02-12T02:34:15.417383,10.5,True,Success: 
155,2026-02-12T02:34:15.517878,10.49,True,Success: 
156,2026-02-12T02:34:15.618370,10.48,True,Success: 
157,2026-02-12T02:34:15.718896,10.51,True,Success: 
158,2026-02-12T02:34:15.819367,10.5,True,Success: 
159,2026-02-12T02:34:15.919895,10.52,True,Success: 
160,2026-02-12T02:34:16.020367,10.48,True,Success: 
161,2026-02-12T02:34:16.120871,10.5,True,Success: 
162,2026-02-12T02:34:16.221371,10.48,True,Success: 
163,2026-02-12T02:34:16.321869,10.49,True,Success: 
164,2026-02-12T02:34:16.422392,10.51,True,Success: 
165,2026-02-12T02:34:16.522876,10.5,True,Success: 
166,2026-02-12T02:34:16.623372,10.5,True,Success: 
167,2026-02-12T02:34:16.723893,10.51,True,Success: 
168,2026-02-12T02:34:16.824381,10.5,True,Success: 
169,2026-02-12T02:34:16.924892,10.5,True,Success: 
170,2026-02-12T02:34:17.025371,10.48,True,Success: 
171,2026-02-12T02:34:17.125897,10.51,True,Success: 
172,2026-02-12T02:34:17.226418,10.52,True,Success: 
173,2026-02-12T02:34:17.326885,10.51,True,Success: 
174,2026-02-12T02:34:17.427391,10.52,True,Success: 
175,2026-02-12T02:34:17.527871,10.49,True,Success: 
176,2026-02-12T02:34:17.628371,10.5,True,Success: 
177,2026-02-12T02:34:17.728938,10.52,True,Success: 
178,2026-02-12T02:34:17.829396,10.52,True,Success: 
179,2026-02-12T02:34:17.929887,10.5,True,Success: 
180,2026-02-12T02:34:18.030404,10.52,True,Success: 
181,2026-02-12T02:34:18.130895,10.52,True,Success: 
182,2026-02-12T02:34:18.231407,10.49,True,Success: 
183,2026-02-12T02:34:18.331889,10.51,True,Success: 
184,2026-02-12T02:34:18.432162,10.5,True,Success: 
185,2026-02-12T02:34:18.532412,10.51,True,Success: 
186,2026-02-12T02:34:18.632914,10.51,True,Success: 
187,2026-02-12T02:34:18.733419,10.5,True,Success: 
188,2026-02-12T02:34:18.833936,10.47,True,Success: 
189,2026-02-12T02:34:18.934412,10.49,True,Success: 
190,2026-02-12T02:34:19.034915,10.5,True,Success: 
191,2026-02-12T02:34:19.135407,10.49,True,Success: 
192,2026-02-12T02:34:19.235931,10.51,True,Success: 
193,2026-02-12T02:34:19.336413,10.46,True,Success: 
194,2026-02-12T02:34:19.436904,10.49,True,Success: 
195,2026-02-12T02:34:19.537443,10.52,True,Success: 
196,2026-02-12T02:34:19.637909,10.5,True,Success: 
197,2026-02-12T02:34:19.738417,10.5,True,Success: 
198,2026-02-12T02:34:19.838927,10.51,True,Success: 
199,2026-02-12T02:34:19.939424,10.51,True,Success: 
200,2026-02-12T02:34:20.039918,10.47,True,Success: 
